{"lnA1": 0.95065, "n1": -0.655566, "Ea1": 5.006372, "lnA2": -0.834923, "n2": 0.899932, "Ea2": -0.127938, "lnA3": 0.231977, "n3": -0.120506, "Ea3": -0.09141, "lnA4": 0.4885, "n4": -0.311599, "Ea4": -0.457219, "lnA5": 0.279589, "n5": -0.120506, "Ea5": 0.342747, "lnA6": 1.294934, "n6": -0.884878, "Ea6": -0.457219, "lnA7": -0.462374, "n7": 0.53074, "Ea7": 0.327089, "lnA8": 0.832781, "n8": -0.502692, "Ea8": -0.457219, "lnA9": 1.516076, "n9": -0.999534, "Ea9": 2.093975, "lnA10": 0.200998, "n10": -0.120506, "Ea10": -0.249456, "lnA11": -0.163118, "n11": 0.261681, "Ea11": -0.14322, "lnA12": -0.563394, "n12": 0.643867, "Ea12": -0.249456, "lnA13": 0.064708, "n13": -0.120506, "Ea13": -0.440577, "lnA14": 0.260485, "n14": -0.120506, "Ea14": -0.076809, "lnA15": 0.256871, "n15": -0.120506, "Ea15": -0.441781, "lnA16": -0.196007, "n16": 0.293287, "Ea16": -0.428238, "lnA17": 0.216504, "n17": -0.120506, "Ea17": -0.457219, "lnA18": 0.13689, "n18": -0.120506, "Ea18": -0.514417, "lnA19": 0.352777, "n19": -0.120506, "Ea19": 0.114762, "lnA20": 0.274784, "n20": -0.120506, "Ea20": 0.120586, "lnA21": -0.050129, "n21": -0.120506, "Ea21": -0.530953, "lnA22": 0.900409, "n22": -0.590595, "Ea22": -0.457219, "lnA23": 0.513581, "n23": -0.120506, "Ea23": -0.457219, "lnA24": 2.168344, "n24": -2.152208, "Ea24": 5.344571, "lnA25": 0.227271, "n25": -0.120506, "Ea25": -0.266203, "lnA26": -0.884228, "n26": 0.970254, "Ea26": -0.011329, "lnA27": -0.776778, "n27": 0.78604, "Ea27": -0.450997, "lnA28": -1.08082, "n28": 1.094847, "Ea28": -0.104498, "lnA29": -1.390512, "n29": 1.346708, "Ea29": 0.446053, "lnA30": 0.415208, "n30": -0.329562, "Ea30": -0.413432, "lnA31": 0.261433, "n31": -0.226371, "Ea31": -0.423391, "lnA32": 0.13689, "n32": -0.120506, "Ea32": -0.457219, "lnA33": -0.379698, "n33": 0.452774, "Ea33": -0.191534, "lnA34": -0.563123, "n34": 0.632401, "Ea34": -0.422156, "lnA35": -1.580385, "n35": 1.318044, "Ea35": 0.494461, "lnA36": -0.035854, "n36": 0.065619, "Ea36": 1.063062, "lnA37": 0.035025, "n37": -0.057063, "Ea37": -0.506308, "lnA38": 0.845634, "n38": -0.850481, "Ea38": -0.441205, "lnA39": -0.470869, "n39": 0.487171, "Ea39": -0.529073, "lnA40": -0.28355, "n40": 0.181804, "Ea40": -0.531951, "lnA41": 0.415208, "n41": -0.311599, "Ea41": -0.457219, "lnA42": -0.921319, "n42": 0.819673, "Ea42": -0.45162, "lnA43": -1.425945, "n43": 1.362377, "Ea43": -0.439321, "lnA44": 0.131097, "n44": -0.134264, "Ea44": -0.46564, "lnA45": 0.245032, "n45": -0.134264, "Ea45": -0.46564, "lnA46": -1.309084, "n46": 1.228612, "Ea46": -0.428436, "lnA47": 4.131484, "n47": -4.297802, "Ea47": 0.065831, "lnA48": 0.031663, "n48": -0.124327, "Ea48": 0.066872, "lnA49": 1.036573, "n49": -1.232668, "Ea49": -0.345435, "lnA50": 3.1084, "n50": -2.398336, "Ea50": 3.037752, "lnA51": -0.360268, "n51": 0.452774, "Ea51": -0.130189, "lnA52": -0.396211, "n52": 0.452774, "Ea52": -0.192047, "lnA53": -0.379698, "n53": 0.452774, "Ea53": -0.254951, "lnA54": -0.414092, "n54": 0.452774, "Ea54": -0.299696, "lnA55": -0.898177, "n55": 0.877001, "Ea55": -0.642322, "lnA56": -0.778779, "n56": 0.750879, "Ea56": -0.525043, "lnA57": -1.511253, "n57": 1.40824, "Ea57": -0.462296, "lnA58": -1.280058, "n58": 1.186572, "Ea58": -0.510233, "lnA59": -1.699783, "n59": 1.561114, "Ea59": -0.37537, "lnA60": -1.733968, "n60": 1.637551, "Ea60": -0.330363, "lnA61": -0.863993, "n61": 0.907576, "Ea61": 0.04293, "lnA62": -0.901755, "n62": 0.907576, "Ea62": -0.121344, "lnA63": 1.504713, "n63": -1.205915, "Ea63": 2.626989, "lnA64": 0.092954, "n64": -0.120506, "Ea64": 0.851112, "lnA65": 0.227271, "n65": -0.120506, "Ea65": -0.457219, "lnA66": -0.360268, "n66": 0.452774, "Ea66": -0.437437, "lnA67": 0.256289, "n67": -0.120506, "Ea67": -0.457219, "lnA68": -0.379698, "n68": 0.452774, "Ea68": -0.475954, "lnA69": -0.635008, "n69": 0.643867, "Ea69": -0.5196, "lnA70": -0.863993, "n70": 0.907576, "Ea70": -0.540952, "lnA71": -0.863993, "n71": 0.907576, "Ea71": -0.540952, "lnA72": -0.649926, "n72": 0.620936, "Ea72": -0.517507, "lnA73": -0.581773, "n73": 0.575073, "Ea73": -0.419785, "lnA74": 0.95091, "n74": -0.861947, "Ea74": -0.356352, "lnA75": 0.009498, "n75": -0.120506, "Ea75": -0.352553, "lnA76": 0.026177, "n76": -0.078465, "Ea76": -0.519286, "lnA77": -0.044516, "n77": -0.078465, "Ea77": -0.519286, "lnA78": 0.919335, "n78": -1.025905, "Ea78": -0.411689, "lnA79": -0.129164, "n79": -0.008143, "Ea79": -0.50254, "lnA80": 0.212526, "n80": -0.120506, "Ea80": -0.457219, "lnA81": 0.212353, "n81": -0.120506, "Ea81": -0.457219, "lnA82": 0.191328, "n82": -0.120506, "Ea82": -0.457219, "lnA83": -0.286267, "n83": 0.338118, "Ea83": -0.457219, "lnA84": -0.010882, "n84": -0.086109, "Ea84": 0.101177, "lnA85": 0.430384, "n85": -0.647923, "Ea85": -0.16049, "lnA86": 0.012926, "n86": 0.074409, "Ea86": -0.456173, "lnA87": 0.122738, "n87": -0.110569, "Ea87": -0.608666, "lnA88": -0.135887, "n88": 0.017464, "Ea88": -0.606071, "lnA89": 0.109152, "n89": -0.120506, "Ea89": -0.457219, "lnA90": 0.128026, "n90": -0.120506, "Ea90": -0.457219, "lnA91": 0.209328, "n91": -0.120506, "Ea91": -0.457219, "lnA92": -0.208118, "n92": 0.261681, "Ea92": -0.117053, "lnA93": 0.230779, "n93": -0.120506, "Ea93": -0.375056, "lnA94": 3.928629, "n94": -3.885041, "Ea94": 3.276926, "lnA95": -0.324326, "n95": 0.452774, "Ea95": -0.204015, "lnA96": -0.342976, "n96": 0.452774, "Ea96": -0.308001, "lnA97": 0.266296, "n97": -0.120506, "Ea97": -0.394419, "lnA98": 0.16899, "n98": -0.120506, "Ea98": -0.473861, "lnA99": -0.614552, "n99": 0.620936, "Ea99": -0.371916, "lnA100": -1.184488, "n100": 1.087203, "Ea100": 1.157, "lnA101": -1.16829, "n101": 1.075737, "Ea101": 0.006453, "lnA102": -1.590198, "n102": 1.461746, "Ea102": -0.041379, "lnA103": 3.780535, "n103": -3.770385, "Ea103": 2.914916, "lnA104": -0.396211, "n104": 0.452774, "Ea104": -0.457219, "lnA105": 0.212353, "n105": -0.120506, "Ea105": -0.457219, "lnA106": -0.414092, "n106": 0.452774, "Ea106": -0.491, "lnA107": -0.670951, "n107": 0.643867, "Ea107": -0.519579, "lnA108": 0.212353, "n108": -0.120506, "Ea108": -0.457219, "lnA109": -0.684729, "n109": 0.620936, "Ea109": -0.517533, "lnA110": 0.212353, "n110": -0.120506, "Ea110": -0.457219, "lnA111": -0.901755, "n111": 0.907576, "Ea111": -0.540926, "lnA112": -0.684729, "n112": 0.620936, "Ea112": -0.345953, "lnA113": 2.990887, "n113": -3.082449, "Ea113": 3.21736, "lnA114": 3.045325, "n114": -3.155065, "Ea114": 3.243867, "lnA115": -0.248779, "n115": 0.372133, "Ea115": -0.468947, "lnA116": -0.379698, "n116": 0.452774, "Ea116": -0.431236, "lnA117": -1.185158, "n117": 1.178928, "Ea117": -0.528586, "lnA118": 0.107872, "n118": -0.120506, "Ea118": 0.166384, "lnA119": -0.635008, "n119": 0.643867, "Ea119": -0.519579, "lnA120": -1.522824, "n120": 1.427349, "Ea120": -0.541476, "lnA121": 3.255427, "n121": -3.564004, "Ea121": 3.08715, "lnA122": 2.515999, "n122": -2.791988, "Ea122": 2.253183, "lnA123": 2.04873, "n123": -3.090093, "Ea123": 2.199107, "lnA124": 0.057012, "n124": -0.120506, "Ea124": -0.145261, "lnA125": -0.172331, "n125": 0.250215, "Ea125": -0.223248, "lnA126": -0.360268, "n126": 0.452774, "Ea126": -0.504016, "lnA127": -0.261895, "n127": 0.273146, "Ea127": -0.315799, "lnA128": -0.379698, "n128": 0.452774, "Ea128": -0.504016, "lnA129": -0.635008, "n129": 0.643867, "Ea129": -0.519611, "lnA130": -0.649926, "n130": 0.620936, "Ea130": -0.517533, "lnA131": -0.863993, "n131": 0.907576, "Ea131": -0.540926, "lnA132": -0.322209, "n132": -0.120506, "Ea132": -0.457219, "lnA133": -0.396211, "n133": 0.452774, "Ea133": -0.503989, "lnA134": 0.308067, "n134": -0.225225, "Ea134": -0.458371, "lnA135": 0.002078, "n135": 0.027783, "Ea135": -0.478623, "lnA136": 0.16484, "n136": -0.065089, "Ea136": -0.468576, "lnA137": 0.238842, "n137": -0.120506, "Ea137": -0.457219, "lnA138": 0.364117, "n138": -0.267647, "Ea138": -0.4579, "lnA139": -0.684729, "n139": 0.620936, "Ea139": -0.517502, "lnA140": -0.901755, "n140": 0.907576, "Ea140": -0.540926, "lnA141": 0.238842, "n141": -0.120506, "Ea141": -0.457219, "lnA142": 0.072717, "n142": -0.120506, "Ea142": -0.482339,