{
    "epoch": 2954,
    "min_avg_inverse_valid_loss": 0.0025385746266692877,
    "masked_params_inverse": [
        32.305137634277344,
        44.30329895019531,
        0.06732368469238281,
        26.429576873779297,
        27.748064041137695,
        17.81120491027832,
        21.443004608154297,
        1.633005142211914,
        106.61390686035156,
        27.62479019165039,
        26.220256805419922,
        44.61565017700195,
        24.45808219909668,
        15.042838096618652,
        84.61515808105469,
        28.387351989746094,
        5.671670913696289,
        29.84442138671875,
        11.970181465148926,
        32.051483154296875
    ]
}