{
    "NH3": {
        "mean": 0.439233,
        "std": 0.481246
    },
    "H2": {
        "mean": 0.587995,
        "std":  0.507199
    },
    "O2": {
        "mean": 12.59838,
        "std": 40.07479
    },
    "AR": {
        "mean": 68.50644,
        "std": 41.11237
    },
    "N2": {
        "mean": 46.96178,
        "std": 152.4626
    },
    "phi": {
        "mean": 1.157673,
        "std": 1.140334
    },
    "T": {
        "mean": 1312.898,
        "std": 261.7948
    },
    "P": {
        "mean": 9.906436,
        "std": 9.979927
    },
    "log10_IDT": {
        "mean": 2.832582,
        "std": 0.456879
    }
}